{
  "project_info": {
    "project_number": "473548977876",
    "project_id": "fir-tutorial-360d5",
    "storage_bucket": "fir-tutorial-360d5.appspot.com"
  },
  "client": [
    {
      "client_info": {
        "mobilesdk_app_id": "1:473548977876:android:09543932c438c54abead41",
        "android_client_info": {
          "package_name": "com.example.firebasetutorial"
        }
      },
      "oauth_client": [
        {
          "client_id": "473548977876-g34m8d4fm69dfsr8a75t4j0j5lu9vqi8.apps.googleusercontent.com",
          "client_type": 1,
          "android_info": {
            "package_name": "com.example.firebasetutorial",
            "certificate_hash": "e75a8b84adca3b8ee50a1c09dc0577a22e3412e9"
          }
        },
        {
          "client_id": "473548977876-jdf50qi3kpd92iq668th8at9gh0m7lcr.apps.googleusercontent.com",
          "client_type": 3
        }
      ],
      "api_key": [
        {
          "current_key": "AIzaSyAxLy0xfHJkeTytvIBcgv5UNlr9184sSpc"
        }
      ],
      "services": {
        "appinvite_service": {
          "other_platform_oauth_client": [
            {
              "client_id": "473548977876-jdf50qi3kpd92iq668th8at9gh0m7lcr.apps.googleusercontent.com",
              "client_type": 3
            }
          ]
        }
      }
    }
  ],
  "configuration_version": "1"
}